Object Designation,Date (yyyy-mm-dd.dd),Impact Probability,Impact Energy (Mt),Palermo Scale,Torino Scale,Number,Mass (kg),Diameter (km),Absolute magnitude (H)
101955 Bennu (1999 RQ36),2182-09-24.85,0.00037,1421,-1.59,,a0101955,74000000000,0.49,20.6
29075 (1950 DA),2880-03-16.99,0.000029,75190,-2.05,,a0029075,2000000000000,1.3,17.9
101955 Bennu (1999 RQ36),2187-09-25.06,0.000071,1422,-2.32,,a0101955,74000000000,0.49,20.6
101955 Bennu (1999 RQ36),2192-09-24.31,0.000039,1422,-2.59,,a0101955,74000000000,0.49,20.6
(2007 FT3),2024-10-03.05,0.000000087,2739,-2.79,0,bK07F03T,54000000000,0.341,20
101955 Bennu (1999 RQ36),2193-09-24.59,0.000016,1421,-2.98,,a0101955,74000000000,0.49,20.6
(1979 XB),2056-12-12.90,0.00000019,41990,-3.01,0,bJ79X00B,390000000000,0.66,18.5
101955 Bennu (1999 RQ36),2187-09-24.99,0.000014,1422,-3.03,,a0101955,74000000000,0.49,20.6
(1979 XB),2113-12-14.75,0.00000055,30260,-3.1,0,bJ79X00B,390000000000,0.66,18.5
101955 Bennu (1999 RQ36),2194-09-24.78,0.000012,1420,-3.11,,a0101955,74000000000,0.49,20.6
(2022 PX1),2040-08-11.66,0.0000032,361.7,-3.15,0,bK22P01X,2200000000,0.12,22.3
(2015 JJ),2111-11-07.26,0.000021,82.13,-3.56,0,bK15J00J,2900000000,0.13,22.1
101955 Bennu (1999 RQ36),2193-09-24.51,0.0000038,1421,-3.61,,a0101955,74000000000,0.49,20.6
(2007 FT3),2030-10-03.46,0.000000096,2604,-3.61,0,bK07F03T,54000000000,0.341,20
101955 Bennu (1999 RQ36),2192-09-24.18,0.0000032,1422,-3.68,,a0101955,74000000000,0.49,20.6
(2016 YM4),2121-07-20.81,0.000013,114.7,-3.69,0,bK16Y04M,2000000000,0.11,22.4
(1979 XB),2086-12-16.66,0.00000011,25840,-3.72,0,bJ79X00B,390000000000,0.66,18.5
101955 Bennu (1999 RQ36),2197-09-24.41,0.0000027,1421,-3.76,,a0101955,74000000000,0.49,20.6
101955 Bennu (1999 RQ36),2190-09-24.78,0.0000025,1422,-3.78,,a0101955,74000000000,0.49,20.6
(2012 QD8),2047-03-08.97,0.0000049,47.43,-3.81,0,bK12Q08D,720000000,0.081,23.1
101955 Bennu (1999 RQ36),2184-09-24.30,0.000002,1422,-3.86,,a0101955,74000000000,0.49,20.6
101955 Bennu (1999 RQ36),2191-09-25.02,0.0000016,1421,-3.98,,a0101955,74000000000,0.49,20.6
(2007 FT3),2035-10-03.80,0.000000068,2704,-3.98,0,bK07F03T,54000000000,0.341,20
101955 Bennu (1999 RQ36),2197-09-24.44,0.0000016,1421,-3.99,,a0101955,74000000000,0.49,20.6
(2007 FT3),2041-10-03.24,0.000000095,2616,-4.02,0,bK07F03T,54000000000,0.341,20
(2008 EX5),2072-10-09.02,0.000027,7.169,-4.06,0,bK08E05X,270000000,0.059,23.8
101955 Bennu (1999 RQ36),2210-09-25.69,0.0000014,1422,-4.08,,a0101955,74000000000,0.49,20.6
101955 Bennu (1999 RQ36),2210-09-25.74,0.0000013,1422,-4.11,,a0101955,74000000000,0.49,20.6
101955 Bennu (1999 RQ36),2185-09-24.47,0.0000011,1421,-4.12,,a0101955,74000000000,0.49,20.6
(2020 FA5),2110-10-29.27,0.00000061,1216,-4.17,0,bK20F05A,12000000000,0.21,21.1
(2023 TB2),2119-09-02.12,0.000051,5.289,-4.18,0,bK23T02B,260000000,0.058,23.8
101955 Bennu (1999 RQ36),2203-09-26.03,0.000001,1423,-4.21,,a0101955,74000000000,0.49,20.6
(2007 FT3),2046-10-03.55,0.000000075,2691,-4.22,0,bK07F03T,54000000000,0.341,20
101955 Bennu (1999 RQ36),2179-09-25.05,0.0000008,1421,-4.25,,a0101955,74000000000,0.49,20.6
(2008 UB7),2063-11-01.40,0.0000078,14.51,-4.26,0,bK08U07B,260000000,0.058,23.8
(2006 CM10),2092-08-12.48,0.000001,351.3,-4.27,0,bK06C10M,4700000000,0.15,21.7
(2008 EX5),2083-10-09.71,0.00002,7.165,-4.27,0,bK08E05X,270000000,0.059,23.8
101955 Bennu (1999 RQ36),2187-09-24.96,0.0000008,1423,-4.27,,a0101955,74000000000,0.49,20.6
101955 Bennu (1999 RQ36),2192-09-24.18,0.0000008,1422,-4.28,,a0101955,74000000000,0.49,20.6
(2020 OB),2116-07-23.40,0.0000098,29.81,-4.28,0,bK20O00B,330000000,0.062,23.7
101955 Bennu (1999 RQ36),2187-09-24.97,0.0000007,1421,-4.32,,a0101955,74000000000,0.49,20.6
101955 Bennu (1999 RQ36),2213-09-25.26,0.0000008,1421,-4.33,,a0101955,74000000000,0.49,20.6
101955 Bennu (1999 RQ36),2189-09-24.50,0.0000007,1422,-4.33,,a0101955,74000000000,0.49,20.6
101955 Bennu (1999 RQ36),2181-09-24.50,0.0000006,1422,-4.38,,a0101955,74000000000,0.49,20.6
101955 Bennu (1999 RQ36),2191-09-24.94,0.0000006,1421,-4.4,,a0101955,74000000000,0.49,20.6
(2008 UB7),2063-11-01.41,0.0000056,14.51,-4.4,0,bK08U07B,260000000,0.058,23.8
101955 Bennu (1999 RQ36),2195-09-24.99,0.0000006,1423,-4.41,,a0101955,74000000000,0.49,20.6
101955 Bennu (1999 RQ36),2199-09-25.03,0.0000006,1419,-4.42,,a0101955,74000000000,0.49,20.6
(2020 OB),2116-07-23.40,0.0000067,29.81,-4.44,0,bK20O00B,330000000,0.062,23.7
101955 Bennu (1999 RQ36),2185-09-24.55,0.0000005,1420,-4.47,,a0101955,74000000000,0.49,20.6
101955 Bennu (1999 RQ36),2196-09-24.21,0.0000005,1421,-4.49,,a0101955,74000000000,0.49,20.6
101955 Bennu (1999 RQ36),2195-09-24.92,0.0000005,1422,-4.49,,a0101955,74000000000,0.49,20.6
101955 Bennu (1999 RQ36),2193-09-24.48,0.0000005,1421,-4.49,,a0101955,74000000000,0.49,20.6
(2012 QD8),2050-03-08.68,0.0000011,47.78,-4.51,0,bK12Q08D,720000000,0.081,23.1
101955 Bennu (1999 RQ36),2208-09-25.25,0.0000005,1422,-4.52,,a0101955,74000000000,0.49,20.6
(2008 UB7),2059-11-01.62,0.0000037,14.66,-4.53,0,bK08U07B,260000000,0.058,23.8
101955 Bennu (1999 RQ36),2178-09-24.69,0.0000004,1422,-4.54,,a0101955,74000000000,0.49,20.6
(2007 FT3),2040-10-03.10,0.000000026,2768,-4.54,0,bK07F03T,54000000000,0.341,20
(2022 KM4),2075-01-13.93,0.00000014,1256,-4.57,0,bK22K04M,14000000000,0.22,21
101955 Bennu (1999 RQ36),2195-09-24.97,0.0000004,1422,-4.59,,a0101955,74000000000,0.49,20.6
(2008 UB7),2060-10-31.80,0.0000034,14.15,-4.59,0,bK08U07B,260000000,0.058,23.8
101955 Bennu (1999 RQ36),2198-09-24.70,0.0000004,1421,-4.6,,a0101955,74000000000,0.49,20.6
(2007 FT3),2073-10-03.35,0.000000068,2703,-4.6,0,bK07F03T,54000000000,0.341,20
(2008 UB7),2060-10-31.77,0.000003,14.17,-4.64,0,bK08U07B,260000000,0.058,23.8
(2017 FO63),2097-11-13.77,0.0000021,53.36,-4.65,0,bK17F63O,460000000,0.07,23.4
(2007 FT3),2025-10-03.08,0.0000000026,2453,-4.65,0,bK07F03T,54000000000,0.341,20
101955 Bennu (1999 RQ36),2187-09-24.97,0.0000003,1422,-4.69,,a0101955,74000000000,0.49,20.6
101955 Bennu (1999 RQ36),2186-09-24.67,0.0000003,1421,-4.69,,a0101955,74000000000,0.49,20.6
(2007 FT3),2056-10-03.14,0.000000035,2773,-4.69,0,bK07F03T,54000000000,0.341,20
101955 Bennu (1999 RQ36),2185-09-24.51,0.0000003,1421,-4.69,,a0101955,74000000000,0.49,20.6
101955 Bennu (1999 RQ36),2185-09-24.46,0.0000003,1421,-4.69,,a0101955,74000000000,0.49,20.6
101955 Bennu (1999 RQ36),2188-09-24.26,0.0000003,1420,-4.7,,a0101955,74000000000,0.49,20.6
101955 Bennu (1999 RQ36),2198-09-24.70,0.0000003,1422,-4.72,,a0101955,74000000000,0.49,20.6
101955 Bennu (1999 RQ36),2201-09-25.41,0.0000003,1422,-4.73,,a0101955,74000000000,0.49,20.6
101955 Bennu (1999 RQ36),2204-09-25.16,0.0000003,1421,-4.74,,a0101955,74000000000,0.49,20.6
101955 Bennu (1999 RQ36),2204-09-25.16,0.0000003,1420,-4.74,,a0101955,74000000000,0.49,20.6
(2007 FT3),2041-10-03.23,0.000000018,2604,-4.74,0,bK07F03T,54000000000,0.341,20
101955 Bennu (1999 RQ36),2210-09-25.75,0.0000003,1421,-4.75,,a0101955,74000000000,0.49,20.6
101955 Bennu (1999 RQ36),2210-09-25.69,0.0000003,1421,-4.75,,a0101955,74000000000,0.49,20.6
(2022 KM4),2075-01-13.93,0.000000088,1256,-4.76,0,bK22K04M,14000000000,0.22,21
(2011 XC2),2056-12-02.41,0.00000068,54.32,-4.78,0,bK11X02C,820000000,0.085,23
(2024 HJ),2099-04-24.77,0.0000001,1512,-4.8,0,bK24H00J,13000000000,0.21,21
(2000 WJ107),2119-11-20.24,0.0000035,23.95,-4.81,0,bK00WA7J,700000000,0.081,23.1
(2007 FT3),2058-10-03.48,0.000000029,2572,-4.83,0,bK07F03T,54000000000,0.341,20
(2007 TC14),2082-10-22.42,0.0000003,252.3,-4.85,0,bK07T14C,2700000000,0.13,22.1
(2020 TY4),2099-09-17.77,0.000009,4.871,-4.85,0,bK20T04Y,210000000,0.054,24
(2007 FT3),2046-10-03.56,0.000000018,2698,-4.85,0,bK07F03T,54000000000,0.341,20
101955 Bennu (1999 RQ36),2181-09-24.52,0.0000002,1421,-4.85,,a0101955,74000000000,0.49,20.6
(2002 GM5),2064-10-03.42,0.00000012,505.3,-4.86,0,bK02G05M,7800000000,0.18,21.4
101955 Bennu (1999 RQ36),2185-09-24.49,0.0000002,1420,-4.86,,a0101955,74000000000,0.49,20.6
101955 Bennu (1999 RQ36),2185-09-24.45,0.0000002,1420,-4.86,,a0101955,74000000000,0.49,20.6
101955 Bennu (1999 RQ36),2184-09-24.22,0.0000002,1422,-4.86,,a0101955,74000000000,0.49,20.6
101955 Bennu (1999 RQ36),2184-09-24.19,0.0000002,1422,-4.86,,a0101955,74000000000,0.49,20.6
101955 Bennu (1999 RQ36),2189-09-24.57,0.0000002,1422,-4.87,,a0101955,74000000000,0.49,20.6
101955 Bennu (1999 RQ36),2189-09-24.48,0.0000002,1422,-4.87,,a0101955,74000000000,0.49,20.6
101955 Bennu (1999 RQ36),2187-09-24.99,0.0000002,1422,-4.87,,a0101955,74000000000,0.49,20.6
101955 Bennu (1999 RQ36),2193-09-24.51,0.0000002,1420,-4.88,,a0101955,74000000000,0.49,20.6
101955 Bennu (1999 RQ36),2191-09-24.83,0.0000002,1420,-4.88,,a0101955,74000000000,0.49,20.6
101955 Bennu (1999 RQ36),2190-09-24.74,0.0000002,1422,-4.88,,a0101955,74000000000,0.49,20.6
101955 Bennu (1999 RQ36),2190-09-24.70,0.0000002,1422,-4.88,,a0101955,74000000000,0.49,20.6
101955 Bennu (1999 RQ36),2190-09-24.64,0.0000002,1421,-4.88,,a0101955,74000000000,0.49,20.6
101955 Bennu (1999 RQ36),2197-09-24.44,0.0000002,1422,-4.89,,a0101955,74000000000,0.49,20.6
101955 Bennu (1999 RQ36),2195-09-24.94,0.0000002,1422,-4.89,,a0101955,74000000000,0.49,20.6
(2005 ED224),2030-03-11.19,0.00000016,26.63,-4.9,0,bK05EM4D,240000000,0.057,23.9
101955 Bennu (1999 RQ36),2199-09-24.85,0.0000002,1421,-4.9,,a0101955,74000000000,0.49,20.6
101955 Bennu (1999 RQ36),2203-09-25.94,0.0000002,1422,-4.91,,a0101955,74000000000,0.49,20.6
101955 Bennu (1999 RQ36),2203-09-25.83,0.0000002,1421,-4.91,,a0101955,74000000000,0.49,20.6
101955 Bennu (1999 RQ36),2202-09-25.68,0.0000002,1420,-4.91,,a0101955,74000000000,0.49,20.6
101955 Bennu (1999 RQ36),2202-09-25.67,0.0000002,1419,-4.91,,a0101955,74000000000,0.49,20.6
101955 Bennu (1999 RQ36),2202-09-25.61,0.0000002,1421,-4.91,,a0101955,74000000000,0.49,20.6
(2007 WP3),2105-11-12.31,0.0000037,14.01,-4.91,0,bK07W03P,400000000,0.067,23.5
(2002 MN),2122-06-17.41,0.0000043,14.6,-4.91,0,bK02M00N,530000000,0.073,23.3
101955 Bennu (1999 RQ36),2209-09-25.30,0.0000002,1422,-4.92,,a0101955,74000000000,0.49,20.6
101955 Bennu (1999 RQ36),2207-09-25.86,0.0000002,1420,-4.92,,a0101955,74000000000,0.49,20.6
101955 Bennu (1999 RQ36),2206-09-25.66,0.0000002,1422,-4.92,,a0101955,74000000000,0.49,20.6
(2016 WG),2101-06-24.42,0.0000013,45.44,-4.93,0,bK16W00G,560000000,0.075,23.3
101955 Bennu (1999 RQ36),2210-09-25.64,0.0000002,1420,-4.93,,a0101955,74000000000,0.49,20.6
(2002 RB182),2110-09-27.21,0.0000014,42.76,-4.95,0,bK02RI2B,1100000000,0.092,22.8
(2008 PK9),2049-08-10.49,0.00000028,72.52,-4.95,0,bK08P09K,620000000,0.077,23.2
(2016 WG),2101-06-24.42,0.0000012,45.44,-4.98,0,bK16W00G,560000000,0.075,23.3
(2005 CC37),2117-01-13.66,0.0000019,29.73,-4.99,0,bK05C37C,1300000000,0.098,22.7
(2011 VG9),2104-11-03.87,0.00000032,227.1,-4.99,0,bK11V09G,2600000000,0.12,22.2
(2020 FA5),2077-10-29.48,0.000000056,1216,-4.99,0,bK20F05A,12000000000,0.21,21.1
(1996 TC1),2067-09-26.20,0.0000012,18.91,-5,0,bJ96T01C,230000000,0.055,23.9
(2024 HJ),2099-04-24.77,0.00000006,1512,-5.03,0,bK24H00J,13000000000,0.21,21
(2004 GE2),2106-05-03.08,0.00000015,512.6,-5.05,0,bK04G02E,7900000000,0.18,22.7
(2008 UB7),2086-11-01.27,0.000002,14.26,-5.05,0,bK08U07B,260000000,0.058,23.8
(2007 KO4),2030-11-23.72,0.00000015,24.18,-5.05,0,bK07K04O,580000000,0.076,23.3
(2008 UB7),2070-11-01.41,0.0000015,14.42,-5.06,0,bK08U07B,260000000,0.058,23.8
(2002 RB182),2076-10-06.16,0.0000007,38.05,-5.09,0,bK02RI2B,1100000000,0.092,22.8
(2012 ES10),2059-03-05.45,0.00000063,25.49,-5.09,0,bK12E10S,300000000,0.061,23.7
(2007 FT3),2067-10-03.87,0.000000018,2725,-5.12,0,bK07F03T,54000000000,0.341,20
(2007 KO4),2046-11-23.91,0.00000046,20.98,-5.12,0,bK07K04O,580000000,0.076,23.3
(2023 TB2),2123-09-02.04,0.000006,5.288,-5.12,0,bK23T02B,260000000,0.058,23.8
(2002 RB182),2108-10-12.18,0.0000011,35.3,-5.13,0,bK02RI2B,1100000000,0.092,22.8
(2007 FT3),2091-10-03.81,0.000000028,2588,-5.13,0,bK07F03T,54000000000,0.341,20
(2009 BR5),2078-07-19.28,0.00000021,152.1,-5.15,0,bK09B05R,2900000000,0.13,22.1
(2002 RB182),2076-10-06.47,0.0000006,37.72,-5.16,0,bK02RI2B,1100000000,0.092,22.8
(2007 FT3),2056-10-03.13,0.000000012,2762,-5.16,0,bK07F03T,54000000000,0.341,20
(2007 KO4),2038-11-23.83,0.00000026,22.29,-5.16,0,bK07K04O,580000000,0.076,23.3
101955 Bennu (1999 RQ36),2185-09-24.33,0.0000001,1421,-5.16,,a0101955,74000000000,0.49,20.6
101955 Bennu (1999 RQ36),2189-09-24.47,0.0000001,1422,-5.17,,a0101955,74000000000,0.49,20.6
101955 Bennu (1999 RQ36),2189-09-24.40,0.0000001,1422,-5.17,,a0101955,74000000000,0.49,20.6
101955 Bennu (1999 RQ36),2189-09-24.32,0.0000001,1422,-5.17,,a0101955,74000000000,0.49,20.6
101955 Bennu (1999 RQ36),2188-09-24.21,0.0000001,1421,-5.17,,a0101955,74000000000,0.49,20.6
101955 Bennu (1999 RQ36),2188-09-24.17,0.0000001,1420,-5.17,,a0101955,74000000000,0.49,20.6
101955 Bennu (1999 RQ36),2187-09-24.93,0.0000001,1423,-5.17,,a0101955,74000000000,0.49,20.6
101955 Bennu (1999 RQ36),2187-09-24.92,0.0000001,1422,-5.17,,a0101955,74000000000,0.49,20.6
101955 Bennu (1999 RQ36),2187-09-24.86,0.0000001,1423,-5.17,,a0101955,74000000000,0.49,20.6
101955 Bennu (1999 RQ36),2186-09-24.71,0.0000001,1421,-5.17,,a0101955,74000000000,0.49,20.6
101955 Bennu (1999 RQ36),2186-09-24.57,0.0000001,1420,-5.17,,a0101955,74000000000,0.49,20.6
(2008 EX5),2071-10-09.68,0.000002,7.176,-5.17,0,bK08E05X,270000000,0.059,23.8
(2007 FT3),2035-10-03.82,0.0000000044,2735,-5.17,0,bK07F03T,54000000000,0.341,20
101955 Bennu (1999 RQ36),2191-09-25.01,0.0000001,1421,-5.18,,a0101955,74000000000,0.49,20.6
101955 Bennu (1999 RQ36),2191-09-24.98,0.0000001,1420,-5.18,,a0101955,74000000000,0.49,20.6
101955 Bennu (1999 RQ36),2191-09-24.91,0.0000001,1420,-5.18,,a0101955,74000000000,0.49,20.6
101955 Bennu (1999 RQ36),2190-09-24.73,0.0000001,1422,-5.18,,a0101955,74000000000,0.49,20.6
101955 Bennu (1999 RQ36),2190-09-24.70,0.0000001,1422,-5.18,,a0101955,74000000000,0.49,20.6
101955 Bennu (1999 RQ36),2190-09-24.68,0.0000001,1421,-5.18,,a0101955,74000000000,0.49,20.6
(2007 FT3),2030-10-03.42,0.0000000026,2559,-5.18,0,bK07F03T,54000000000,0.341,20
101955 Bennu (1999 RQ36),2196-09-24.24,0.0000001,1421,-5.19,,a0101955,74000000000,0.49,20.6
101955 Bennu (1999 RQ36),2196-09-24.23,0.0000001,1420,-5.19,,a0101955,74000000000,0.49,20.6
101955 Bennu (1999 RQ36),2196-09-24.22,0.0000001,1421,-5.19,,a0101955,74000000000,0.49,20.6
101955 Bennu (1999 RQ36),2196-09-24.10,0.0000001,1419,-5.19,,a0101955,74000000000,0.49,20.6
101955 Bennu (1999 RQ36),2196-09-24.10,0.0000001,1421,-5.19,,a0101955,74000000000,0.49,20.6
101955 Bennu (1999 RQ36),2196-09-24.10,0.0000001,1420,-5.19,,a0101955,74000000000,0.49,20.6
101955 Bennu (1999 RQ36),2196-09-24.03,0.0000001,1420,-5.19,,a0101955,74000000000,0.49,20.6
101955 Bennu (1999 RQ36),2195-09-24.91,0.0000001,1422,-5.19,,a0101955,74000000000,0.49,20.6
101955 Bennu (1999 RQ36),2195-09-24.89,0.0000001,1421,-5.19,,a0101955,74000000000,0.49,20.6
101955 Bennu (1999 RQ36),2195-09-24.86,0.0000001,1422,-5.19,,a0101955,74000000000,0.49,20.6
101955 Bennu (1999 RQ36),2195-09-24.70,0.0000001,1422,-5.19,,a0101955,74000000000,0.49,20.6
101955 Bennu (1999 RQ36),2194-09-24.69,0.0000001,1420,-5.19,,a0101955,74000000000,0.49,20.6
101955 Bennu (1999 RQ36),2194-09-24.47,0.0000001,1422,-5.19,,a0101955,74000000000,0.49,20.6
101955 Bennu (1999 RQ36),2193-09-24.48,0.0000001,1421,-5.19,,a0101955,74000000000,0.49,20.6
101955 Bennu (1999 RQ36),2193-09-24.44,0.0000001,1421,-5.19,,a0101955,74000000000,0.49,20.6
101955 Bennu (1999 RQ36),2193-09-24.40,0.0000001,1420,-5.19,,a0101955,74000000000,0.49,20.6
(1999 RZ31),2056-09-05.11,0.0000014,6.277,-5.2,0,bJ99R31Z,280000000,0.059,23.8
101955 Bennu (1999 RQ36),2200-09-25.17,0.0000001,1421,-5.2,,a0101955,74000000000,0.49,20.6
101955 Bennu (1999 RQ36),2200-09-25.14,0.0000001,1423,-5.2,,a0101955,74000000000,0.49,20.6
101955 Bennu (1999 RQ36),2200-09-25.09,0.0000001,1421,-5.2,,a0101955,74000000000,0.49,20.6
101955 Bennu (1999 RQ36),2200-09-25.08,0.0000001,1421,-5.2,,a0101955,74000000000,0.49,20.6
101955 Bennu (1999 RQ36),2199-09-24.95,0.0000001,1420,-5.2,,a0101955,74000000000,0.49,20.6
101955 Bennu (1999 RQ36),2199-09-24.87,0.0000001,1419,-5.2,,a0101955,74000000000,0.49,20.6
101955 Bennu (1999 RQ36),2198-09-24.70,0.0000001,1422,-5.2,,a0101955,74000000000,0.49,20.6
101955 Bennu (1999 RQ36),2198-09-24.60,0.0000001,1421,-5.2,,a0101955,74000000000,0.49,20.6
101955 Bennu (1999 RQ36),2197-09-24.39,0.0000001,1421,-5.2,,a0101955,74000000000,0.49,20.6
101955 Bennu (1999 RQ36),2197-09-24.36,0.0000001,1421,-5.2,,a0101955,74000000000,0.49,20.6
101955 Bennu (1999 RQ36),2197-09-24.27,0.0000001,1421,-5.2,,a0101955,74000000000,0.49,20.6
(2002 MN),2071-06-15.66,0.0000011,14.56,-5.2,0,bK02M00N,530000000,0.073,23.3
101955 Bennu (1999 RQ36),2204-09-25.19,0.0000001,1421,-5.21,,a0101955,74000000000,0.49,20.6
101955 Bennu (1999 RQ36),2204-09-25.08,0.0000001,1421,-5.21,,a0101955,74000000000,0.49,20.6
101955 Bennu (1999 RQ36),2203-09-25.85,0.0000001,1423,-5.21,,a0101955,74000000000,0.49,20.6
101955 Bennu (1999 RQ36),2203-09-25.83,0.0000001,1421,-5.21,,a0101955,74000000000,0.49,20.6
101955 Bennu (1999 RQ36),2202-09-25.68,0.0000001,1419,-5.21,,a0101955,74000000000,0.49,20.6
101955 Bennu (1999 RQ36),2202-09-25.56,0.0000001,1420,-5.21,,a0101955,74000000000,0.49,20.6
101955 Bennu (1999 RQ36),2201-09-25.42,0.0000001,1422,-5.21,,a0101955,74000000000,0.49,20.6
101955 Bennu (1999 RQ36),2201-09-25.38,0.0000001,1420,-5.21,,a0101955,74000000000,0.49,20.6
101955 Bennu (1999 RQ36),2201-09-25.33,0.0000001,1422,-5.21,,a0101955,74000000000,0.49,20.6
101955 Bennu (1999 RQ36),2201-09-25.32,0.0000001,1422,-5.21,,a0101955,74000000000,0.49,20.6
101955 Bennu (1999 RQ36),2201-09-25.30,0.0000001,1422,-5.21,,a0101955,74000000000,0.49,20.6
(2023 TB2),2116-09-01.26,0.0000046,5.286,-5.21,0,bK23T02B,260000000,0.058,23.8
101955 Bennu (1999 RQ36),2209-09-25.22,0.0000001,1420,-5.22,,a0101955,74000000000,0.49,20.6
101955 Bennu (1999 RQ36),2208-09-25.13,0.0000001,1422,-5.22,,a0101955,74000000000,0.49,20.6
101955 Bennu (1999 RQ36),2207-09-25.93,0.0000001,1421,-5.22,,a0101955,74000000000,0.49,20.6
101955 Bennu (1999 RQ36),2207-09-25.75,0.0000001,1421,-5.22,,a0101955,74000000000,0.49,20.6
101955 Bennu (1999 RQ36),2206-09-25.64,0.0000001,1422,-5.22,,a0101955,74000000000,0.49,20.6
101955 Bennu (1999 RQ36),2206-09-25.63,0.0000001,1423,-5.22,,a0101955,74000000000,0.49,20.6
101955 Bennu (1999 RQ36),2205-09-25.35,0.0000001,1420,-5.22,,a0101955,74000000000,0.49,20.6
101955 Bennu (1999 RQ36),2205-09-25.28,0.0000001,1420,-5.22,,a0101955,74000000000,0.49,20.6
101955 Bennu (1999 RQ36),2205-09-25.26,0.0000001,1421,-5.22,,a0101955,74000000000,0.49,20.6
(2006 JE),2106-05-02.31,0.0000011,25.4,-5.22,0,bK06J00E,260000000,0.058,23.8
(2008 UB7),2079-11-01.43,0.0000012,14.39,-5.22,0,bK08U07B,260000000,0.058,23.8
(2006 QN111),2079-08-16.47,0.0000019,7.967,-5.22,0,bK06QB1N,280000000,0.06,23.8
101955 Bennu (1999 RQ36),2213-09-25.23,0.0000001,1420,-5.23,,a0101955,74000000000,0.49,20.6
101955 Bennu (1999 RQ36),2213-09-25.17,0.0000001,1420,-5.23,,a0101955,74000000000,0.49,20.6
101955 Bennu (1999 RQ36),2212-09-25.10,0.0000001,1421,-5.23,,a0101955,74000000000,0.49,20.6
101955 Bennu (1999 RQ36),2210-09-25.66,0.0000001,1422,-5.23,,a0101955,74000000000,0.49,20.6
101955 Bennu (1999 RQ36),2210-09-25.60,0.0000001,1421,-5.23,,a0101955,74000000000,0.49,20.6
101955 Bennu (1999 RQ36),2210-09-25.51,0.0000001,1421,-5.23,,a0101955,74000000000,0.49,20.6
101955 Bennu (1999 RQ36),2218-09-25.49,0.0000001,1422,-5.24,,a0101955,74000000000,0.49,20.6
101955 Bennu (1999 RQ36),2215-09-25.82,0.0000001,1421,-5.24,,a0101955,74000000000,0.49,20.6
101955 Bennu (1999 RQ36),2214-09-25.68,0.0000001,1422,-5.24,,a0101955,74000000000,0.49,20.6
101955 Bennu (1999 RQ36),2220-09-25.12,0.0000001,1422,-5.25,,a0101955,74000000000,0.49,20.6
(2008 UB7),2060-10-31.76,0.00000075,14.17,-5.25,0,bK08U07B,260000000,0.058,23.8
101955 Bennu (1999 RQ36),2224-09-24.91,0.0000001,1421,-5.26,,a0101955,74000000000,0.49,20.6
101955 Bennu (1999 RQ36),2224-09-24.79,0.0000001,1421,-5.26,,a0101955,74000000000,0.49,20.6
(2016 WG),2076-06-23.29,0.00000041,45.21,-5.26,0,bK16W00G,560000000,0.075,23.3
(2016 WG),2076-06-23.25,0.00000042,45.31,-5.26,0,bK16W00G,560000000,0.075,23.3
101955 Bennu (1999 RQ36),2231-09-25.85,0.0000001,1422,-5.27,,a0101955,74000000000,0.49,20.6
101955 Bennu (1999 RQ36),2231-09-25.66,0.0000001,1421,-5.27,,a0101955,74000000000,0.49,20.6
101955 Bennu (1999 RQ36),2231-09-25.59,0.0000001,1420,-5.27,,a0101955,74000000000,0.49,20.6
101955 Bennu (1999 RQ36),2228-09-24.73,0.0000001,1421,-5.27,,a0101955,74000000000,0.49,20.6
101955 Bennu (1999 RQ36),2228-09-24.68,0.0000001,1419,-5.27,,a0101955,74000000000,0.49,20.6
(2008 PK9),2057-08-10.77,0.00000024,49.63,-5.28,0,bK08P09K,620000000,0.077,23.2
(2002 MN),2120-06-16.24,0.0000018,14.49,-5.28,0,bK02M00N,530000000,0.073,23.3
(2007 FT3),2058-10-03.49,0.00000001,2590,-5.29,0,bK07F03T,54000000000,0.341,20
(2011 VG9),2104-11-03.90,0.00000015,227.5,-5.32,0,bK11V09G,2600000000,0.12,22.2
101955 Bennu (1999 RQ36),2254-09-24.85,0.0000001,1420,-5.32,,a0101955,74000000000,0.49,20.6
101955 Bennu (1999 RQ36),2257-09-24.58,0.0000001,1417,-5.33,,a0101955,74000000000,0.49,20.6
101955 Bennu (1999 RQ36),2272-09-24.38,0.0000001,1420,-5.35,,a0101955,74000000000,0.49,20.6
(2016 WG),2076-06-22.99,0.00000034,45.19,-5.35,0,bK16W00G,560000000,0.075,23.3
(2008 EX5),2072-10-08.89,0.0000014,7.17,-5.35,0,bK08E05X,270000000,0.059,23.8
(2002 RB182),2088-10-07.99,0.00000047,37.09,-5.36,0,bK02RI2B,1100000000,0.092,22.8
101955 Bennu (1999 RQ36),2281-09-24.57,0.0000001,1420,-5.37,,a0101955,74000000000,0.49,20.6
(2016 WG),2076-06-23.31,0.00000032,45.21,-5.37,0,bK16W00G,560000000,0.075,23.3
101955 Bennu (1999 RQ36),2290-09-25.12,0.0000001,1425,-5.38,,a0101955,74000000000,0.49,20.6
(2008 UB7),2079-11-01.41,0.00000081,14.39,-5.39,0,bK08U07B,260000000,0.058,23.8
(2008 UB7),2074-11-01.36,0.00000072,14.33,-5.4,0,bK08U07B,260000000,0.058,23.8
(2007 FT3),2042-10-03.38,0.0000000044,2478,-5.4,0,bK07F03T,54000000000,0.341,20
(2016 WG),2091-06-23.35,0.00000037,45.22,-5.42,0,bK16W00G,560000000,0.075,23.3
(2024 DB1),2090-02-13.71,0.00000037,42.87,-5.42,0,bK24D01B,540000000,0.074,23.3
(2005 ED224),2064-03-10.38,0.00000039,21.38,-5.43,0,bK05EM4D,240000000,0.057,23.9
(2008 UB7),2055-11-01.64,0.00000041,14.69,-5.44,0,bK08U07B,260000000,0.058,23.8
(2013 WM),2047-11-20.48,0.00000014,38.04,-5.45,0,bK13W00M,220000000,0.055,23.9
(2008 UB7),2056-10-31.64,0.00000042,14.34,-5.45,0,bK08U07B,260000000,0.058,23.8
(2007 FT3),2083-10-03.90,0.000000011,2724,-5.45,0,bK07F03T,54000000000,0.341,20
(2002 RB182),2076-10-06.16,0.0000003,38.05,-5.46,0,bK02RI2B,1100000000,0.092,22.8
(2022 MK1),2106-07-20.65,0.0000026,4.355,-5.47,0,bK22M01K,220000000,0.055,24
(2020 JK),2084-05-17.96,0.00000085,11.89,-5.47,0,bK20J00K,190000000,0.052,24.1
(2022 UN),2123-10-16.84,0.000000087,371.5,-5.48,0,bK22U00N,5600000000,0.16,21.6
(2007 FT3),2058-10-03.46,0.0000000066,2549,-5.48,0,bK07F03T,54000000000,0.341,20
(2007 KO4),2046-11-23.93,0.00000021,20.44,-5.48,0,bK07K04O,580000000,0.076,23.3
(2010 HV20),2116-05-05.58,0.000000086,333.3,-5.49,0,bK10H20V,3800000000,0.14,21.9
(2008 EX5),2062-10-09.49,0.00000078,7.168,-5.49,0,bK08E05X,270000000,0.059,23.8
(2016 WG),2096-06-23.13,0.00000033,45.45,-5.5,0,bK16W00G,560000000,0.075,23.3
(2007 FT3),2095-10-03.89,0.000000012,2683,-5.5,0,bK07F03T,54000000000,0.341,20
(2002 MN),2074-06-16.68,0.00000055,14.76,-5.51,0,bK02M00N,530000000,0.073,23.3
(2002 RB182),2088-10-07.58,0.00000032,37.08,-5.53,0,bK02RI2B,1100000000,0.092,22.8
(2012 ES10),2059-03-05.44,0.00000022,25.49,-5.55,0,bK12E10S,300000000,0.061,23.7
(2016 WG),2096-06-23.09,0.00000029,45.37,-5.55,0,bK16W00G,560000000,0.075,23.3
(2017 NT5),2102-01-12.29,0.00000024,61.87,-5.55,0,bK17N05T,980000000,0.09,22.9
(2007 FT3),2105-10-04.45,0.000000012,2741,-5.56,0,bK07F03T,54000000000,0.341,20
(2007 WP3),2105-11-12.31,0.00000082,14.02,-5.56,0,bK07W03P,400000000,0.067,23.5
(2000 WJ107),2114-11-19.98,0.00000058,23.92,-5.57,0,bK00WA7J,700000000,0.081,23.1
(2007 FT3),2080-10-03.04,0.0000000084,2600,-5.58,0,bK07F03T,54000000000,0.341,20
(2008 EX5),2068-10-08.98,0.00000069,7.153,-5.6,0,bK08E05X,270000000,0.059,23.8
(2008 UB7),2070-11-01.43,0.00000041,14.59,-5.61,0,bK08U07B,260000000,0.058,23.8
(2007 FT3),2095-10-03.91,0.0000000094,2714,-5.61,0,bK07F03T,54000000000,0.341,20
(2000 WJ107),2114-11-19.99,0.00000051,24.05,-5.62,0,bK00WA7J,700000000,0.081,23.1
(2011 KF36),2024-10-26.55,1.5E-10,2149,-5.63,0,bK11K36F,28000000000,0.275,20.5
(2007 WP3),2098-11-11.51,0.00000063,14,-5.63,0,bK07W03P,400000000,0.067,23.5
(2002 RB182),2118-09-24.32,0.00000031,45.2,-5.64,0,bK02RI2B,1100000000,0.092,22.8
(2008 UB7),2075-11-01.60,0.00000042,14.44,-5.64,0,bK08U07B,260000000,0.058,23.8
(2002 MN),2109-06-15.88,0.00000069,14.45,-5.64,0,bK02M00N,530000000,0.073,23.3
(2014 JU79),2046-09-18.57,0.00000014,19.92,-5.65,0,bK14J79U,1100000000,0.092,22.8
(2007 FT3),2062-10-03.57,0.0000000045,2695,-5.67,0,bK07F03T,54000000000,0.341,20
(2023 RH2),2121-09-13.28,0.00000063,17.4,-5.68,0,bK23R02H,240000000,0.056,23.9
(2007 FT3),2091-10-03.80,0.0000000076,2583,-5.7,0,bK07F03T,54000000000,0.341,20
(2022 KV6),2070-05-27.42,0.00000025,19.96,-5.71,0,bK22K06V,220000000,0.055,24
(2002 RB182),2076-10-06.47,0.00000016,37.95,-5.73,0,bK02RI2B,1100000000,0.092,22.8
(2008 UB7),2056-10-31.69,0.00000022,14.44,-5.73,0,bK08U07B,260000000,0.058,23.8
(2012 ES10),2059-03-05.46,0.00000014,25.48,-5.74,0,bK12E10S,300000000,0.061,23.7
(2022 MK1),2111-07-20.98,0.0000015,4.363,-5.74,0,bK22M01K,220000000,0.055,24
(2016 WG),2096-06-23.12,0.00000019,45.43,-5.74,0,bK16W00G,560000000,0.075,23.3
(2000 WJ107),2114-11-19.98,0.0000004,23.87,-5.74,0,bK00WA7J,700000000,0.081,23.1
(2020 AO1),2049-01-13.72,0.00000015,15.97,-5.74,0,bK20A01O,320000000,0.062,23.7
(2017 NT5),2115-01-12.24,0.00000018,61.91,-5.75,0,bK17N05T,980000000,0.09,22.9
(2014 JU79),2050-09-18.52,0.00000013,20.03,-5.76,0,bK14J79U,1100000000,0.092,22.8
(2008 UB7),2081-11-01.11,0.00000035,14.56,-5.76,0,bK08U07B,260000000,0.058,23.8
(2013 WM),2105-11-20.29,0.00000024,36.06,-5.77,0,bK13W00M,220000000,0.055,23.9
(2016 WG),2096-06-23.12,0.00000018,45.37,-5.77,0,bK16W00G,560000000,0.075,23.3
(2000 WJ107),2114-11-19.98,0.00000034,23.92,-5.8,0,bK00WA7J,700000000,0.081,23.1
(2008 EX5),2074-10-09.49,0.00000048,7.166,-5.82,0,bK08E05X,270000000,0.059,23.8
(2022 OK5),2120-08-02.71,0.00000026,33.47,-5.83,0,bK22O05K,610000000,0.077,23.2
(2022 KV6),2070-05-27.42,0.00000019,19.96,-5.84,0,bK22K06V,220000000,0.055,24
(2024 HJ),2099-04-24.77,0.000000009,1508,-5.86,0,bK24H00J,13000000000,0.21,21
(2017 NT5),2107-01-12.50,0.00000013,61.94,-5.86,0,bK17N05T,980000000,0.09,22.9
(2012 ES10),2059-03-05.46,0.00000011,25.48,-5.87,0,bK12E10S,300000000,0.061,23.7
(2007 FT3),2047-10-03.74,0.0000000018,2590,-5.87,0,bK07F03T,54000000000,0.341,20
(2022 VF1),2071-05-30.38,0.000000041,119.8,-5.88,0,bK22V01F,2300000000,0.12,22.3
(2007 WP3),2113-11-12.29,0.00000043,13.98,-5.88,0,bK07W03P,400000000,0.067,23.5
(2007 FT3),2105-10-04.45,0.0000000056,2736,-5.89,0,bK07F03T,54000000000,0.341,20
(2007 FT3),2083-10-03.93,0.000000004,2762,-5.9,0,bK07F03T,54000000000,0.341,20
(2020 OB),2121-07-23.66,0.00000025,29.27,-5.9,0,bK20O00B,330000000,0.062,23.7
(2007 FT3),2078-10-03.66,0.0000000036,2744,-5.92,0,bK07F03T,54000000000,0.341,20
(2008 EX5),2079-10-09.76,0.00000038,7.178,-5.96,0,bK08E05X,270000000,0.059,23.8
(2007 FT3),2100-10-04.15,0.0000000046,2688,-5.96,0,bK07F03T,54000000000,0.341,20
(2007 KO4),2045-11-23.47,0.000000055,25.15,-5.96,0,bK07K04O,580000000,0.076,23.3
(2007 WP3),2105-11-12.31,0.00000032,14.06,-5.97,0,bK07W03P,400000000,0.067,23.5
(2023 TB2),2123-09-01.91,0.00000085,5.285,-5.97,0,bK23T02B,260000000,0.058,23.8
(2000 WJ107),2119-11-20.23,0.00000024,23.87,-5.98,0,bK00WA7J,700000000,0.081,23.1
(2023 NQ1),2120-07-09.74,0.00000012,56.66,-5.99,0,bK23N01Q,710000000,0.081,23.1
(2008 EX5),2077-10-09.12,0.00000035,7.173,-5.99,0,bK08E05X,270000000,0.059,23.8
(2000 WJ107),2119-11-20.22,0.00000023,23.96,-5.99,0,bK00WA7J,700000000,0.081,23.1
(2014 HN197),2069-02-22.82,0.0000000017,4270,-6,0,bK14HJ7N,58000000000,0.35,19.9
(2005 NX55),2028-01-06.71,0.0000000012,316.1,-6,0,bK05N55X,3800000000,0.14,21.9
(2016 WG),2096-06-22.95,0.0000001,45.42,-6,0,bK16W00G,560000000,0.075,23.3
(2016 WG),2086-06-23.36,0.000000089,45.17,-6,0,bK16W00G,560000000,0.075,23.3
(2007 FT3),2069-10-03.27,0.0000000025,2605,-6,0,bK07F03T,54000000000,0.341,20
(2000 WJ107),2114-11-19.98,0.00000022,24.05,-6,0,bK00WA7J,700000000,0.081,23.1
